Date,PMI,GS10,M2SL,UNRATE,CPIAUCSL,INDPRO
1970-01-01,52,7.79,589.6,3.9,37.9,37.9948
1970-02-01,48.7,7.24,586.3,4.2,38.1,37.9698
1970-03-01,47.4,7.07,587.3,4.4,38.3,37.9205
1970-04-01,46.9,7.39,588.4,4.6,38.5,37.823
1970-05-01,45,7.91,591.5,4.8,38.6,37.7789
1970-06-01,47.2,7.84,595.2,4.9,38.8,37.6567
1970-07-01,51.1,7.46,599.1,5,38.9,37.7491
1970-08-01,49.5,7.53,604.9,5.1,39,37.6818
1970-09-01,47.3,7.39,611.2,5.4,39.2,37.4221
1970-10-01,44.1,7.33,616.4,5.5,39.4,36.6735
1970-11-01,42.4,6.84,621.1,5.9,39.6,36.4514
1970-12-01,39.7,6.39,626.5,6.1,39.8,37.2885
1971-01-01,45.4,6.24,632.9,5.9,39.9,37.5753
1971-02-01,47.9,6.11,641,5.9,39.9,37.5037
1971-03-01,54.8,5.7,649.9,6,40,37.4631
1971-04-01,51.2,5.83,658.4,5.9,40.1,37.6735
1971-05-01,54.5,6.39,666.7,5.9,40.3,37.8646
1971-06-01,54.2,6.52,673,5.9,40.5,38.0234
1971-07-01,53.8,6.73,679.6,6,40.6,37.9131
1971-08-01,54.4,6.58,685.5,6.1,40.7,37.693
1971-09-01,53.6,6.14,692.5,6,40.8,38.3056
1971-10-01,55.1,5.93,698.4,5.8,40.9,38.5924
1971-11-01,55,5.81,704.6,6,41,38.7561
1971-12-01,52.3,5.93,710.3,6,41.1,39.2035
1972-01-01,57.6,5.95,717.7,5.8,41.2,40.1408
1972-02-01,59.6,6.08,725.7,5.7,41.4,40.5459
1972-03-01,60.6,6.07,733.5,5.8,41.4,40.8263
1972-04-01,59.8,6.19,738.4,5.7,41.5,41.2348
1972-05-01,59.3,6.13,743.3,5.7,41.6,41.2405
1972-06-01,61.4,6.11,749.7,5.7,41.7,41.3497
1972-07-01,58.6,6.11,759.5,5.6,41.8,41.3035
1972-08-01,60.1,6.21,768.7,5.6,41.9,41.879
1972-09-01,61.7,6.55,778.3,5.5,42.1,42.2132
1972-10-01,65.1,6.48,786.9,5.6,42.2,42.7494
1972-11-01,67,6.28,793.9,5.3,42.4,43.2548
1972-12-01,69.9,6.36,802.3,5.2,42.5,43.7367
1973-01-01,70.5,6.46,810.3,4.9,42.7,44.0529
1973-02-01,72.1,6.64,814.1,5,43,44.6827
1973-03-01,69.6,6.71,815.3,4.9,43.4,44.7045
1973-04-01,69.6,6.67,819.7,5,43.7,44.6387
1973-05-01,67.7,6.85,826.8,4.9,43.9,44.9429
1973-06-01,64.8,6.9,833.3,4.9,44.2,45.0035
1973-07-01,65,7.13,836.5,4.8,44.2,45.1636
1973-08-01,57.8,7.4,838.8,4.8,45,45.1019
1973-09-01,62.7,7.09,839.3,4.8,45.2,45.4624
1973-10-01,63.5,6.79,842.6,4.6,45.6,45.847
1973-11-01,66.2,6.73,848.9,4.8,45.9,46.0553
1973-12-01,68.1,6.74,855.5,4.9,46.3,45.923
1974-01-01,63.6,6.99,859.7,5.1,46.8,45.6204
1974-02-01,62.1,6.96,864.2,5.2,47.3,45.4759
1974-03-01,58.6,7.21,870.1,5.1,47.8,45.4777
1974-04-01,61.8,7.51,872.9,5.1,48.1,45.3451
1974-05-01,59.9,7.58,874.6,5.1,48.6,45.7044
1974-06-01,55.7,7.54,877.8,5.4,49,45.6238
1974-07-01,54.7,7.81,881.4,5.5,49.3,45.7221
1974-08-01,54.8,8.04,884.1,5.5,49.9,45.2366
1974-09-01,52.9,8.04,887.9,5.9,50.6,45.2365
1974-10-01,46.2,7.9,893.3,6,51,45.1133
1974-11-01,42.7,7.68,898.6,6.6,51.5,43.6278
1974-12-01,37.9,7.43,902.1,7.2,51.9,42.0533
1975-01-01,30.9,7.5,906.3,8.1,52.3,41.4676
1975-02-01,30.7,7.39,914.1,8.1,52.6,40.5165
1975-03-01,34.4,7.73,925,8.6,52.8,40.0638
1975-04-01,31.6,8.23,935.1,8.8,53,40.1573
1975-05-01,37.5,8.06,947.9,9,53.1,40.0253
1975-06-01,41.2,7.86,963,8.8,53.5,40.2772
1975-07-01,45.1,8.06,975.1,8.6,54,40.6994
1975-08-01,47.2,8.4,983.1,8.4,54.2,41.0998
1975-09-01,51.4,8.43,991.5,8.4,54.6,41.6304
1975-10-01,54.4,8.14,997.8,8.4,54.9,41.8135
1975-11-01,55.5,8.05,1006.9,8.3,55.3,41.8697
1975-12-01,54.5,8,1016.2,8.2,55.6,42.4414
1976-01-01,54.9,7.74,1026.6,7.9,55.8,43.0012
1976-02-01,58.8,7.79,1040.3,7.7,55.9,43.4229
1976-03-01,61.5,7.73,1050,7.6,56,43.5168
1976-04-01,58.4,7.56,1060.8,7.7,56.1,43.7327
1976-05-01,60.6,7.9,1072.1,7.4,56.4,43.9186
1976-06-01,58.8,7.86,1077.6,7.6,56.7,43.9637
1976-07-01,58.2,7.83,1086.3,7.8,57,44.2141
1976-08-01,55.9,7.77,1098.7,7.8,57.3,44.5182
1976-09-01,54.5,7.59,1110.8,7.6,57.6,44.6721
1976-10-01,53.6,7.41,1125,7.7,57.9,44.6585
1976-11-01,53.5,7.29,1138.2,7.8,58.1,45.3392
1976-12-01,51.7,6.87,1152,7.8,58.4,45.8294
1977-01-01,56.6,7.21,1165.2,7.5,58.7,45.5087
1977-02-01,54.8,7.39,1177.6,7.6,59.3,46.2277
1977-03-01,55,7.46,1188.5,7.4,59.6,46.8185
1977-04-01,58.4,7.37,1199.6,7.2,60,47.2684
1977-05-01,56.9,7.46,1209,7,60.2,47.6411
1977-06-01,59.7,7.28,1217.8,7.2,60.5,48.0116
1977-07-01,56.8,7.33,1226.7,6.9,60.8,48.073
1977-08-01,57.7,7.4,1237,7,61.1,48.1205
1977-09-01,54.9,7.34,1246.2,6.8,61.3,48.3189
1977-10-01,53.9,7.52,1254,6.8,61.6,48.3871
1977-11-01,55.4,7.58,1262.4,6.8,62,48.4761
1977-12-01,56.1,7.69,1270.3,6.4,62.3,48.5629
1978-01-01,59.8,7.96,1279.7,6.4,62.7,47.8481
1978-02-01,57.4,8.03,1285.5,6.3,63,48.1044
1978-03-01,55.9,8.04,1292.2,6.3,63.4,49.0265
1978-04-01,55,8.15,1300.4,6.1,63.9,50.0206
1978-05-01,57.7,8.35,1310.5,6,64.5,50.254
1978-06-01,60.2,8.46,1318.5,5.9,65,50.5801
1978-07-01,60.5,8.64,1324.1,6.2,65.5,50.5384
1978-08-01,62.2,8.41,1333.5,5.9,65.9,50.7458
1978-09-01,60.3,8.42,1345,6,66.5,50.8744
1978-10-01,60.5,8.64,1352.3,5.8,67.1,51.2559
1978-11-01,60.1,8.81,1359.1,5.9,67.5,51.6514
1978-12-01,61.3,9.01,1366,6,67.9,51.909
1979-01-01,59.4,9.1,1371.6,5.9,68.5,51.6278
1979-02-01,58.5,9.1,1377.8,5.9,69.2,51.8752
1979-03-01,58.2,9.12,1387.8,5.8,69.9,52.0446
1979-04-01,57.7,9.18,1402.1,5.8,70.6,51.4193
1979-05-01,56.2,9.25,1410.2,5.6,71.4,51.8856
1979-06-01,54.4,8.91,1423,5.7,72.2,51.8965
1979-07-01,52.7,8.95,1434.8,5.7,73,51.8097
1979-08-01,51.3,9.03,1446.6,6,73.7,51.4684
1979-09-01,49.5,9.33,1454.1,5.9,74.4,51.4597
1979-10-01,49.6,10.3,1460.4,6,75.2,51.8334
1979-11-01,49,10.65,1465.9,5.9,76,51.7531
1979-12-01,48,10.39,1473.7,6,76.9,51.7878
1980-01-01,44.8,10.8,1482.7,6.3,78,52.0679
1980-02-01,46.2,12.41,1494.6,6.3,79,52.082
1980-03-01,50.2,12.75,1499.8,6.3,80.1,51.87
1980-04-01,43.6,11.47,1502.2,6.9,80.9,50.8397
1980-05-01,37.4,10.18,1512.3,7.5,81.7,49.589
1980-06-01,29.4,9.78,1529.2,7.6,82.5,48.9482
1980-07-01,30.3,10.25,1545.5,7.8,82.6,48.6039
1980-08-01,35,11.1,1561.5,7.7,83.2,48.7563
1980-09-01,45.5,11.51,1574,7.5,83.9,49.5608
1980-10-01,50.1,11.75,1584.8,7.5,84.7,50.1908
1980-11-01,55.5,12.68,1595.8,7.5,85.6,51.0311
1980-12-01,58.2,12.84,1599.8,7.2,86.4,51.3708
1981-01-01,53,12.57,1606.9,7.5,87.2,51.0415
1981-02-01,49.2,13.19,1618.7,7.4,88,50.824
1981-03-01,48.8,13.12,1636.6,7.4,88.6,51.0826
1981-04-01,49.6,13.68,1659.2,7.2,89.1,50.858
1981-05-01,51.6,14.1,1664.2,7.5,89.7,51.1495
1981-06-01,53.5,13.47,1670.3,7.5,90.5,51.4101
1981-07-01,50.7,14.28,1681.9,7.2,91.5,51.7471
1981-08-01,46.7,14.94,1694.3,7.4,92.2,51.6826
1981-09-01,48.3,15.32,1706,7.6,93.1,51.4337
1981-10-01,42.5,15.15,1721.8,7.9,93.4,51.0281
1981-11-01,40,13.39,1736.1,8.3,93.8,50.435
1981-12-01,36.1,13.72,1755.5,8.5,94.1,49.8987
1982-01-01,37.8,14.59,1770.4,8.6,94.4,48.8685
1982-02-01,38.2,14.43,1774.5,8.9,94.7,49.8636
1982-03-01,38.3,13.86,1786.5,9,94.7,49.5323
1982-04-01,36.8,13.87,1803.9,9.3,95,49.075
1982-05-01,37.8,13.62,1815.4,9.4,95.9,48.7483
1982-06-01,35.5,14.3,1826,9.6,97,48.6214
1982-07-01,38.3,13.95,1831.5,9.8,97.5,48.4616
1982-08-01,38.4,13.06,1845.2,9.8,97.7,48.0192
1982-09-01,38.3,12.34,1858.4,10.1,97.7,47.9008
1982-10-01,38.8,10.91,1869.7,10.4,98.1,47.4371
1982-11-01,39.4,10.55,1883.7,10.8,98,47.283
1982-12-01,39.2,10.54,1905.9,10.8,97.7,46.9485
1983-01-01,42.8,10.46,1959.4,10.4,97.9,47.8234
1983-02-01,46,10.72,1996.8,10.4,98,47.5233
1983-03-01,54.4,10.51,2015.2,10.3,98.1,47.9244
1983-04-01,53.9,10.4,2028.6,10.2,98.8,48.5311
1983-05-01,54.2,10.38,2043.1,10.1,99.2,48.8239
1983-06-01,56.1,10.85,2053.5,10.1,99.4,49.123
1983-07-01,57.5,11.38,2064.8,9.4,99.8,49.8546
1983-08-01,63.6,11.85,2074,9.5,100.1,50.4443
1983-09-01,63.1,11.65,2083.2,9.2,100.4,51.178
1983-10-01,62.5,11.54,2099.2,8.8,100.8,51.5693
1983-11-01,64.4,11.69,2112.3,8.5,101.1,51.7993
1983-12-01,66,11.83,2123.5,8.3,101.4,52.0594
1984-01-01,69.9,11.67,2138.2,8,102.1,53.0985
1984-02-01,60.5,11.84,2158.2,7.8,102.6,53.3318
1984-03-01,61.3,12.32,2175.2,7.8,102.9,53.5929
1984-04-01,58.9,12.63,2191.7,7.7,103.3,53.91
1984-05-01,61,13.41,2204.1,7.4,103.5,54.2026
1984-06-01,58.6,13.56,2215.1,7.2,103.7,54.4014
1984-07-01,58.1,13.36,2223.5,7.5,104.1,54.5521
1984-08-01,56.1,12.72,2230.4,7.5,104.4,54.6083
1984-09-01,53,12.52,2244.4,7.3,104.7,54.4466
1984-10-01,50,12.16,2258.9,7.4,105.1,54.4406
1984-11-01,50.8,11.57,2281.4,7.2,105.3,54.624
1984-12-01,50.3,11.5,2306.4,7.3,105.5,54.6416
1985-01-01,50.6,11.38,2332.4,7.3,105.7,54.6322
1985-02-01,50.3,11.51,2354.1,7.2,106.3,54.7825
1985-03-01,49.9,11.86,2366.2,7.2,106.8,54.8653
1985-04-01,47.8,11.43,2375.4,7.3,107,54.7459
1985-05-01,48.2,10.85,2389.5,7.2,107.2,54.8255
1985-06-01,47.1,10.16,2412.6,7.4,107.5,54.7989
1985-07-01,47.8,10.31,2429.5,7.4,107.7,54.5396
1985-08-01,47.9,10.33,2444,7.1,107.9,54.7055
1985-09-01,47.7,10.37,2456.4,7.1,108.1,54.8906
1985-10-01,49.9,10.24,2468,7.1,108.5,54.7199
1985-11-01,50.9,9.78,2477.8,7,109,54.9124
1985-12-01,52,9.26,2492.1,7,109.5,55.4412
1986-01-01,50.7,9.19,2502.1,6.7,109.9,55.7481
1986-02-01,51.2,8.7,2512.9,7.2,109.7,55.3568
1986-03-01,51,7.78,2533.1,7.2,109.1,54.9625
1986-04-01,51,7.3,2557.8,7.1,108.7,55.0413
1986-05-01,49.7,7.71,2584.8,7.2,109,55.1226
1986-06-01,53.4,7.8,2605,7.2,109.4,54.9005
1986-07-01,50.5,7.3,2626.6,7,109.5,55.2592
1986-08-01,48,7.17,2646.5,6.9,109.6,55.1567
1986-09-01,52.6,7.45,2667.8,7,110,55.2975
1986-10-01,52.4,7.43,2687.4,7,110.2,55.5332
1986-11-01,51.2,7.25,2701.3,6.9,110.4,55.7557
1986-12-01,51.2,7.11,2728,6.6,110.8,56.2845
1987-01-01,50.5,7.08,2743.9,6.6,111.4,56.0882
1987-02-01,54.9,7.25,2747.5,6.6,111.8,56.8275
1987-03-01,52.6,7.25,2753.7,6.6,112.2,56.9098
1987-04-01,55,8.02,2767.7,6.3,112.7,57.2701
1987-05-01,55.5,8.61,2772.9,6.3,113,57.6322
1987-06-01,57.2,8.4,2774.6,6.2,113.5,57.9307
1987-07-01,57.4,8.45,2779,6.1,113.8,58.3258
1987-08-01,57.5,8.76,2788.2,6,114.3,58.7636
1987-09-01,59.3,9.42,2799.5,5.9,114.7,58.9951
1987-10-01,60,9.52,2814.8,6,115,59.781
1987-11-01,60.7,8.86,2818.9,5.8,115.4,60.0726
1987-12-01,58.8,8.99,2826.4,5.7,115.6,60.4095
1988-01-01,61,8.67,2847.4,5.7,116,60.3976
1988-02-01,57.5,8.21,2870.4,5.7,116.2,60.7003
1988-03-01,56.2,8.37,2890.7,5.7,116.5,60.8501
1988-04-01,54.6,8.72,2910.7,5.4,117.2,61.2031
1988-05-01,55.8,9.09,2926,5.6,117.5,61.0797
1988-06-01,55.5,8.92,2938.4,5.4,118,61.2569
1988-07-01,59.3,9.06,2947.2,5.4,118.5,61.2659
1988-08-01,58.2,9.26,2952,5.6,119,61.5731
1988-09-01,56,8.98,2956.9,5.4,119.5,61.3807
1988-10-01,54.5,8.8,2965.3,5.4,119.9,61.6453
1988-11-01,55.4,8.96,2980.2,5.3,120.3,61.7944
1988-12-01,55.6,9.11,2988.2,5.3,120.7,62.0743
1989-01-01,56,9.09,2991.7,5.4,121.2,62.2574
1989-02-01,54.7,9.17,2992.2,5.2,121.6,61.9819
1989-03-01,54.1,9.36,2999.7,5,122.2,62.1369
1989-04-01,51.5,9.18,3006,5.2,123.1,62.1276
1989-05-01,52.2,8.86,3011.6,5.2,123.7,61.7744
1989-06-01,49.3,8.28,3027.9,5.3,124.1,61.7697
1989-07-01,47.3,8.02,3052.4,5.2,124.5,61.1738
1989-08-01,45.9,8.11,3074.4,5.2,124.5,61.7732
1989-09-01,45.1,8.19,3092.5,5.3,124.8,61.5796
1989-10-01,46,8.01,3114.1,5.3,125.4,61.4966
1989-11-01,46.8,7.87,3133.3,5.4,125.9,61.7044
1989-12-01,46.8,7.84,3152.5,5.4,126.3,62.0428
1990-01-01,47.4,8.21,3166.8,5.4,127.5,61.729
1990-02-01,47.2,8.47,3179.2,5.3,128,62.2896
1990-03-01,49.1,8.59,3190.1,5.2,128.6,62.5999
1990-04-01,49.9,8.79,3201.6,5.4,128.9,62.4359
1990-05-01,50,8.76,3200.6,5.4,129.1,62.6258
1990-06-01,49.5,8.48,3213.7,5.2,129.9,62.8382
1990-07-01,49.2,8.47,3224.5,5.5,130.5,62.7284
1990-08-01,46.6,8.75,3242,5.7,131.6,62.9475
1990-09-01,46.1,8.89,3254.6,5.9,132.5,62.9523
1990-10-01,44.5,8.72,3259.3,5.9,133.4,62.5845
1990-11-01,43.2,8.39,3262.6,6.2,133.7,61.7887
1990-12-01,41.3,8.08,3271.8,6.3,134.2,61.3352
1991-01-01,40.8,8.09,3287.7,6.4,134.7,61.1355
1991-02-01,39.2,7.85,3304.5,6.6,134.8,60.6838
1991-03-01,39.4,8.11,3321.9,6.8,134.8,60.3346
1991-04-01,40.7,8.04,3332.4,6.7,135.1,60.4938
1991-05-01,42.8,8.07,3343,6.9,135.6,61.0633
1991-06-01,44.5,8.28,3351.9,6.9,136,61.5581
1991-07-01,50.3,8.27,3356.1,6.8,136.2,61.7305
1991-08-01,50.6,7.9,3355,6.9,136.6,61.7298
1991-09-01,52.9,7.65,3354.9,6.9,137,62.2195
1991-10-01,54.9,7.53,3360.1,7,137.2,62.1855
1991-11-01,53.1,7.42,3365.5,7,137.8,62.0871
1991-12-01,49.5,7.09,3372.2,7.3,138.2,61.7852
1992-01-01,46.8,7.03,3381.2,7.3,138.3,61.4616
1992-02-01,47.3,7.34,3400,7.4,138.6,61.8955
1992-03-01,52.7,7.54,3403.9,7.4,139.1,62.4232
1992-04-01,54.6,7.48,3399.7,7.4,139.4,62.897
1992-05-01,52.6,7.39,3398.6,7.6,139.7,63.104
1992-06-01,55.7,7.26,3393.4,7.8,140.1,63.1363
1992-07-01,53.6,6.84,3393.9,7.7,140.5,63.7176
1992-08-01,53.9,6.59,3398.8,7.6,140.8,63.3613
1992-09-01,53.4,6.42,3410.3,7.6,141.1,63.5703
1992-10-01,49.7,6.59,3423.8,7.3,141.7,63.9995
1992-11-01,50.3,6.87,3426.5,7.4,142.1,64.2422
1992-12-01,53.6,6.77,3424.7,7.4,142.3,64.3507
1993-01-01,54.2,6.6,3419.1,7.3,142.8,64.5978
1993-02-01,55.8,6.26,3414.5,7.1,143.1,64.9089
1993-03-01,55.2,5.98,3411.7,7,143.3,64.8522
1993-04-01,53.5,5.97,3411.3,7.1,143.8,65.0301
1993-05-01,50.2,6.04,3436.9,7.1,144.2,64.784
1993-06-01,51.2,5.96,3442.4,7,144.3,64.9301
1993-07-01,49.6,5.81,3442,6.9,144.5,65.1052
1993-08-01,50.2,5.68,3445.7,6.8,144.8,65.0267
1993-09-01,50.7,5.36,3452.2,6.7,145,65.3717
1993-10-01,50.8,5.33,3456.7,6.8,145.6,65.8509
1993-11-01,53.4,5.72,3470.1,6.6,146,66.1518
1993-12-01,53.8,5.77,3474.5,6.5,146.3,66.5436
1994-01-01,55.6,5.75,3474.9,6.6,146.3,66.7351
1994-02-01,56,5.97,3475.7,6.6,146.7,66.774
1994-03-01,56.5,6.48,3480.1,6.5,147.1,67.4552
1994-04-01,56.9,6.97,3481.3,6.4,147.2,67.8541
1994-05-01,57.4,7.18,3490.8,6.1,147.5,68.1663
1994-06-01,58.2,7.1,3479.5,6.1,147.9,68.6265
1994-07-01,58.8,7.3,3488.2,6.1,148.4,68.7178
1994-08-01,58.5,7.24,3485.7,6,149,69.1785
1994-09-01,58,7.46,3486.1,5.9,149.3,69.3961
1994-10-01,59,7.74,3484.3,5.8,149.4,69.9544
1994-11-01,59.4,7.96,3487.2,5.6,149.8,70.4326
1994-12-01,59.2,7.81,3486.4,5.5,150.1,71.1523
1995-01-01,56.1,7.78,3492.4,5.6,150.5,71.2734
1995-02-01,57.4,7.47,3489.9,5.4,150.9,71.193
1995-03-01,55.1,7.2,3491.1,5.4,151.2,71.3113
1995-04-01,52.1,7.06,3499.2,5.8,151.8,71.1882
1995-05-01,51.5,6.63,3524.2,5.6,152.1,71.5378
1995-06-01,46.7,6.17,3548.9,5.6,152.4,71.7749
1995-07-01,45.9,6.28,3567.4,5.7,152.6,71.4748
1995-08-01,50.7,6.49,3589,5.7,152.9,72.4223
1995-09-01,47.1,6.2,3602.1,5.6,153.1,72.7144
1995-10-01,48.1,6.04,3613.4,5.5,153.5,72.5866
1995-11-01,46.7,5.93,3619.9,5.6,153.7,72.7779
1995-12-01,45.9,5.71,3629.5,5.6,153.9,73.0305
1996-01-01,46.2,5.65,3647.9,5.6,154.7,72.6125
1996-02-01,45.5,5.81,3661.8,5.5,155,73.6752
1996-03-01,45.9,6.27,3686.9,5.5,155.5,73.585
1996-04-01,46.9,6.51,3697.7,5.6,156.1,74.3172
1996-05-01,49.3,6.74,3709.6,5.6,156.4,74.8726
1996-06-01,49.1,6.91,3722.5,5.3,156.7,75.4433
1996-07-01,53.6,6.87,3737.1,5.5,157,75.4549
1996-08-01,49.7,6.64,3744,5.1,157.2,75.8411
1996-09-01,51.6,6.83,3753.4,5.2,157.7,76.3158
1996-10-01,51.1,6.53,3772.8,5.2,158.2,76.3384
1996-11-01,50.5,6.2,3795.1,5.4,158.7,77.0397
1996-12-01,53,6.3,3818.6,5.4,159.1,77.5333
1997-01-01,55.2,6.58,3834.6,5.3,159.4,77.6562
1997-02-01,53.8,6.42,3846.3,5.2,159.7,78.5833
1997-03-01,53.1,6.69,3861.2,5.2,159.8,79.082
1997-04-01,53.8,6.89,3877,5.1,159.9,79.1747
1997-05-01,53.7,6.71,3889.2,4.9,159.9,79.6133
1997-06-01,56.1,6.49,3906,5,160.2,79.9792
1997-07-01,54.9,6.22,3923.9,4.9,160.4,80.6624
1997-08-01,57.7,6.3,3957.4,4.8,160.8,81.4694
1997-09-01,56.3,6.21,3973.1,4.9,161.2,82.2156
1997-10-01,53.9,6.03,3992.3,4.7,161.5,82.9446
1997-11-01,56.4,5.88,4014.8,4.6,161.7,83.5978
1997-12-01,55.7,5.81,4032.9,4.7,161.8,83.9538
1998-01-01,54.5,5.54,4056.2,4.6,162,84.3218
1998-02-01,53.8,5.57,4088.9,4.6,162,84.4583
1998-03-01,52.9,5.65,4114.3,4.7,162,84.488
1998-04-01,52.9,5.64,4140.2,4.3,162.2,84.7779
1998-05-01,52.2,5.65,4164.4,4.4,162.6,85.3367
1998-06-01,50.9,5.5,4184.1,4.5,162.8,84.8248
1998-07-01,48.9,5.46,4203.8,4.5,163.2,84.4986
1998-08-01,49.2,5.34,4228.7,4.5,163.4,86.248
1998-09-01,49.3,4.81,4267.7,4.6,163.5,86.2021
1998-10-01,48.7,4.53,4307.9,4.5,163.9,86.7914
1998-11-01,48.7,4.83,4346.6,4.4,164.1,86.7256
1998-12-01,48.2,4.65,4375.6,4.4,164.4,87.1185
1999-01-01,46.8,4.72,4403,4.3,164.7,87.4949
1999-02-01,50.6,5,4425.8,4.4,164.7,88.027
1999-03-01,51.7,5.23,4432.6,4.2,164.8,88.2267
1999-04-01,52.4,5.18,4461.4,4.3,165.9,88.4295
1999-05-01,52.3,5.54,4486.1,4.2,166,88.9886
1999-06-01,54.3,5.9,4508,4.3,166,88.9188
1999-07-01,55.8,5.79,4535.4,4.3,166.7,89.4333
1999-08-01,53.6,5.94,4552.7,4.2,167.1,89.7924
1999-09-01,54.8,5.92,4568.8,4.2,167.8,89.4299
1999-10-01,57,6.11,4592.7,4.1,168.1,90.523
1999-11-01,57.2,6.03,4611.8,4.1,168.4,90.9618
1999-12-01,58.1,6.28,4639.3,4,168.8,91.6634
2000-01-01,57.8,6.66,4667.6,4,169.3,91.538
2000-02-01,56.7,6.52,4680.9,4.1,170,91.8239
2000-03-01,55.8,6.26,4711.7,4,171,92.1504
2000-04-01,54.9,5.99,4767.8,3.8,170.9,92.6989
2000-05-01,54.7,6.44,4755.7,4,171.2,92.9499
2000-06-01,53.2,6.1,4773.6,4,172.2,92.9862
2000-07-01,51.4,6.05,4791.3,4,172.7,92.8048
2000-08-01,52.5,5.83,4819.5,4.1,172.7,92.5521
2000-09-01,49.9,5.8,4855.2,3.9,173.6,92.9792
2000-10-01,49.7,5.74,4871.3,3.9,173.9,92.6179
2000-11-01,48.7,5.72,4882.7,3.9,174.2,92.6438
2000-12-01,48.5,5.24,4927.6,3.9,174.6,92.3415
2001-01-01,43.9,5.16,4978.3,4.2,175.6,91.902
2001-02-01,42.3,5.1,5017,4.2,176,91.3034
2001-03-01,42.1,4.89,5074.8,4.3,176.1,91.1162
2001-04-01,43.1,5.14,5139.1,4.4,176.4,90.7891
2001-05-01,42.7,5.39,5137.2,4.3,177.3,90.3555
2001-06-01,41.3,5.28,5180.1,4.5,177.7,89.8784
2001-07-01,43.2,5.24,5210,4.6,177.4,89.3028
2001-08-01,43.5,4.97,5243.8,4.9,177.4,89.2003
2001-09-01,46.3,4.73,5355.1,5,178.1,88.7485
2001-10-01,46.2,4.57,5343.8,5.3,177.6,88.5052
2001-11-01,40.8,4.65,5387.5,5.5,177.5,87.97
2001-12-01,44.1,5.09,5440.5,5.7,177.4,87.9324
2002-01-01,45.3,5.04,5460.9,5.7,177.7,88.5176
2002-02-01,47.5,4.91,5490.2,5.7,178,88.5278
2002-03-01,50.7,5.28,5502,5.7,178.5,89.1686
2002-04-01,52.4,5.21,5502.1,5.9,179.3,89.604
2002-05-01,52.4,5.16,5528.3,5.8,179.5,89.964
2002-06-01,53.1,4.93,5553.3,5.8,179.6,90.7061
2002-07-01,53.6,4.65,5596,5.8,180,90.6769
2002-08-01,50.2,4.26,5638.3,5.7,180.5,90.5762
2002-09-01,50.3,3.87,5662.3,5.7,180.8,90.6531
2002-10-01,50.5,3.94,5707.1,5.7,181.2,90.4643
2002-11-01,49,4.05,5758.1,5.9,181.5,90.9711
2002-12-01,48.5,4.03,5779.4,6,181.8,90.4652
2003-01-01,51.6,4.05,5812.1,5.8,182.6,91.2361
2003-02-01,51.3,3.9,5848.2,5.9,183.6,91.3445
2003-03-01,48.8,3.81,5868.4,5.9,183.9,91.1044
2003-04-01,46.3,3.96,5905.5,6,183.2,90.5617
2003-05-01,46.1,3.57,5965.3,6.1,182.9,90.537
2003-06-01,49,3.33,6002.2,6.3,183.1,90.6527
2003-07-01,49,3.98,6049.1,6.2,183.7,91.1185
2003-08-01,51,4.45,6107.1,6.1,184.5,90.9197
2003-09-01,53.2,4.27,6079.7,6.1,185.1,91.5059
2003-10-01,52.4,4.29,6070,6,184.9,91.6186
2003-11-01,55.2,4.3,6075.5,5.8,185,92.2329
2003-12-01,58.4,4.27,6073.8,5.7,185.5,92.2602
2004-01-01,60.1,4.15,6082.1,5.7,186.3,92.4006
2004-02-01,60.8,4.08,6121.8,5.6,186.7,92.958
2004-03-01,59.9,3.83,6157.9,5.8,187.1,92.5861
2004-04-01,60.6,4.35,6198.9,5.6,187.4,92.93
2004-05-01,60.6,4.72,6275.7,5.6,188.2,93.6013
2004-06-01,61.4,4.73,6277.9,5.6,188.9,92.871
2004-07-01,60.5,4.5,6291.1,5.5,189.1,93.5649
2004-08-01,59.9,4.28,6317.8,5.4,189.2,93.6277
2004-09-01,58.5,4.13,6352.2,5.4,189.8,93.7467
2004-10-01,57.4,4.1,6379.8,5.5,190.8,94.5465
2004-11-01,56.3,4.19,6406.3,5.4,191.7,94.7813
2004-12-01,56.2,4.23,6424.5,5.4,191.7,95.5365
2005-01-01,57.2,4.22,6430.8,5.3,191.6,95.8801
2005-02-01,56.8,4.17,6438.9,5.4,192.4,96.5761
2005-03-01,55.5,4.5,6448.3,5.2,193.1,96.4456
2005-04-01,55.2,4.34,6461.8,5.2,193.7,96.6532
2005-05-01,52.2,4.14,6479,5.1,193.6,96.7402
2005-06-01,50.8,4,6511.7,5,193.7,97.1753
2005-07-01,52.4,4.18,6543.5,5,194.9,96.8676
2005-08-01,52.8,4.26,6576.3,4.9,196.1,97.1833
2005-09-01,52.4,4.2,6610.1,5,198.8,95.3005
2005-10-01,56.8,4.46,6643.9,5,199.1,96.4572
2005-11-01,57.2,4.54,6660.7,5,198.1,97.5414
2005-12-01,56.7,4.47,6687.8,4.9,198.1,98.0452
2006-01-01,55.1,4.42,6730.1,4.7,199.3,98.1999
2006-02-01,55,4.57,6754.7,4.8,199.4,98.2413
2006-03-01,55.8,4.72,6769.3,4.7,199.7,98.4628
2006-04-01,54.3,4.99,6806.9,4.7,200.7,98.7618
2006-05-01,55.2,5.11,6813.7,4.6,201.3,98.7869
2006-06-01,53.7,5.11,6851.8,4.6,201.8,99.0997
2006-07-01,52,5.09,6893.6,4.7,202.9,99.0489
2006-08-01,53,4.88,6925.1,4.7,203.8,99.4836
2006-09-01,53.7,4.72,6952.4,4.5,202.8,99.3183
2006-10-01,52.2,4.73,7001.7,4.4,201.9,99.2044
2006-11-01,51.4,4.6,7037.2,4.5,202,99.1627
2006-12-01,50.3,4.56,7080.1,4.4,203.1,100.1735
2007-01-01,51.4,4.76,7118.3,4.6,203.437,99.8346
2007-02-01,49.5,4.72,7134.3,4.5,204.226,100.7753
2007-03-01,51.9,4.56,7168.2,4.4,205.288,100.9547
2007-04-01,50.7,4.69,7240.7,4.5,205.904,101.6334
2007-05-01,52.6,4.75,7254.6,4.4,206.755,101.7306
2007-06-01,52.5,5.1,7287.8,4.6,207.234,101.7893
2007-07-01,52.6,5,7318.7,4.7,207.603,101.6672
2007-08-01,52.4,4.67,7394.8,4.6,207.667,101.863
2007-09-01,50.9,4.52,7413,4.7,208.547,102.0894
2007-10-01,51,4.53,7428.1,4.7,209.19,101.8015
2007-11-01,51.1,4.15,7453.6,4.7,210.834,102.3446
2007-12-01,50.5,4.1,7483.9,5,211.445,102.3803
2008-01-01,49,3.74,7517.5,5,212.174,102.2448
2008-02-01,50.3,3.74,7604,4.9,212.687,101.8438
2008-03-01,48.3,3.51,7670,5.1,213.448,101.5336
2008-04-01,48.6,3.68,7712.5,5,213.942,100.8785
2008-05-01,48.6,3.88,7725.2,5.4,215.208,100.2674
2008-06-01,49.6,4.1,7743.9,5.6,217.463,100.0335
2008-07-01,50.2,4.01,7791.2,5.8,219.016,99.676
2008-08-01,50,3.89,7805.8,6.1,218.69,98.1111
2008-09-01,49.9,3.69,7872.4,6.1,218.877,93.7895
2008-10-01,43.5,3.81,7974.9,6.5,216.995,94.7219
2008-11-01,38.9,3.53,8027,6.8,213.153,93.4715
2008-12-01,36.2,2.42,8204.7,7.3,211.398,90.8357
2009-01-01,32.4,2.52,8289,7.8,211.933,88.57
2009-02-01,35.6,2.87,8319.3,8.3,212.705,88.031
2009-03-01,35.8,2.82,8386.4,8.7,212.495,86.6528
2009-04-01,36.3,2.93,8391.1,9,212.709,85.9344
2009-05-01,40.1,3.29,8449.2,9.4,213.022,85.0665
2009-06-01,42.8,3.72,8459.3,9.5,214.79,84.7459
2009-07-01,44.8,3.56,8463.5,9.5,214.726,85.7027
2009-08-01,48.9,3.59,8463,9.6,215.445,86.6426
2009-09-01,52.9,3.4,8461.6,9.8,215.861,87.4063
2009-10-01,52.6,3.39,8487.9,10,216.509,87.6419
2009-11-01,55.7,3.4,8517,9.9,217.234,88.0221
2009-12-01,53.6,3.59,8512.2,9.9,217.347,88.3793
2010-01-01,55.9,3.73,8477.7,9.8,217.488,89.3426
2010-02-01,58.4,3.69,8527.3,9.8,217.281,89.6779
2010-03-01,56.5,3.73,8523.5,9.9,217.353,90.2928
2010-04-01,59.6,3.85,8554.8,9.9,217.403,90.5991
2010-05-01,60.4,3.42,8609,9.6,217.29,91.823
2010-06-01,59.7,3.2,8628.1,9.4,217.199,91.9928
2010-07-01,56.2,3.01,8639.5,9.4,217.605,92.3421
2010-08-01,55.5,2.7,8687.9,9.5,217.923,92.6805
2010-09-01,56.3,2.65,8718.7,9.5,218.275,92.9537
2010-10-01,54.4,2.54,8768.4,9.4,219.035,92.6903
2010-11-01,56.9,2.76,8789,9.8,219.59,92.7709
2010-12-01,56.6,3.29,8822.7,9.3,220.472,93.6787
2011-01-01,57,3.39,8845,9.1,221.187,93.4814
2011-02-01,60.8,3.58,8908.8,9,221.898,93.1102
2011-03-01,61.4,3.41,8966.8,9,223.046,94.0788
2011-04-01,61.2,3.46,9030.2,9.1,224.093,93.7749
2011-05-01,60.4,3.17,9102.5,9,224.806,93.888
2011-06-01,53.5,3,9176.5,9.1,224.806,94.172
2011-07-01,55.3,3,9338.4,9,225.395,94.636
2011-08-01,50.9,2.3,9524.9,9,226.106,95.2749
2011-09-01,50.6,1.98,9545.1,9,226.597,95.1961
2011-10-01,51.6,2.15,9577.9,8.8,226.75,95.8568
2011-11-01,50.8,2.01,9629.5,8.6,227.169,95.8485
2011-12-01,52.7,1.98,9677.1,8.5,227.223,96.3571
2012-01-01,53.9,1.97,9750.3,8.3,227.842,96.9318
2012-02-01,54.1,1.97,9802,8.3,228.329,97.2435
2012-03-01,52.4,2.17,9846,8.2,228.807,96.74
2012-04-01,53.4,2.05,9899.5,8.2,229.187,97.4359
2012-05-01,54.8,1.8,9942.8,8.2,228.713,97.6609
2012-06-01,53.5,1.62,10012.8,8.2,228.524,97.6663
2012-07-01,49.7,1.53,10065.5,8.2,228.59,97.8713
2012-08-01,49.8,1.68,10136.1,8.1,229.918,97.4525
2012-09-01,49.6,1.72,10216.3,7.8,231.015,97.381
2012-10-01,51.5,1.75,10282.6,7.8,231.638,97.7193
2012-11-01,51.7,1.65,10351.6,7.7,231.249,98.0777
2012-12-01,49.5,1.72,10474.1,7.9,231.221,98.3101
2013-01-01,50.7,1.91,10497.4,8,231.679,98.3342
2013-02-01,53.1,1.98,10516.4,7.7,232.937,98.7941
2013-03-01,54.2,1.96,10572.6,7.5,232.282,99.1921
2013-04-01,51.3,1.76,10600,7.6,231.797,99.1065
2013-05-01,50.7,1.93,10634.2,7.5,231.893,99.1839
2013-06-01,49,2.3,10691.3,7.5,232.445,99.3897
2013-07-01,50.9,2.58,10730.5,7.3,232.9,99.0814
2013-08-01,55.4,2.74,10788.5,7.2,233.456,99.6543
2013-09-01,55.7,2.81,10848.9,7.2,233.544,100.161
2013-10-01,56.2,2.62,10973.2,7.2,233.669,100.082
2013-11-01,56.4,2.72,10981.9,6.9,234.1,100.3158
2013-12-01,57.3,2.9,11046.9,6.7,234.719,100.5175
2014-01-01,57,2.86,11116.6,6.6,235.288,100.1599
2014-02-01,51.3,2.71,11182.3,6.7,235.547,100.9168
2014-03-01,53.2,2.72,11218.2,6.7,236.028,101.8942
2014-04-01,53.7,2.71,11263.1,6.2,236.468,101.9928
2014-05-01,54.9,2.56,11327.6,6.3,236.918,102.3836
2014-06-01,55.4,2.6,11382.8,6.1,237.231,102.735
2014-07-01,55.3,2.54,11437.5,6.2,237.498,102.9632
2014-08-01,57.1,2.42,11461.6,6.1,237.46,102.7688
2014-09-01,59,2.53,11502.8,5.9,237.477,103.0641
2014-10-01,56.6,2.3,11576.6,5.7,237.43,103.0764
2014-11-01,59,2.33,11617.3,5.8,236.983,103.7126
2014-12-01,58.7,2.21,11701,5.6,236.252,103.7044
2015-01-01,55.5,1.88,11787.8,5.7,234.747,102.8905
2015-02-01,53.5,1.98,11904.7,5.5,235.342,102.2335
2015-03-01,52.9,2.04,11902.8,5.4,235.976,101.8914
2015-04-01,51.5,1.94,11936.7,5.4,236.222,101.3355
2015-05-01,51.5,2.2,11964.2,5.6,237.001,100.8883
2015-06-01,52.8,2.36,12004.6,5.3,237.657,100.571
2015-07-01,53.5,2.32,12048.3,5.2,238.034,101.2228
2015-08-01,52.7,2.17,12093.1,5.1,238.033,101.0367
2015-09-01,51.1,2.17,12154.3,5,237.498,100.7547
2015-10-01,50.2,2.07,12205.6,5,237.733,100.2675
2015-11-01,50.1,2.26,12296.9,5.1,238.017,99.5298
2015-12-01,48.6,2.24,12368.2,5,237.761,99.0417
2016-01-01,48.2,2.09,12505.5,4.8,237.652,99.5607
2016-02-01,48.2,1.78,12577.7,4.9,237.336,99.0445
2016-03-01,49.5,1.89,12628.6,5,238.08,98.3096
2016-04-01,51.8,1.81,12707.6,5.1,238.992,98.6421
2016-05-01,50.8,1.81,12774.6,4.8,239.557,98.4184
2016-06-01,51.3,1.64,12835.1,4.9,240.222,98.8833
2016-07-01,53.2,1.5,12889.3,4.8,240.101,98.9992
2016-08-01,52.6,1.56,12973.6,4.9,240.545,98.85
2016-09-01,49.4,1.63,13033.8,5,241.176,98.7457
2016-10-01,51.5,1.76,13107.1,4.9,241.741,98.7611
2016-11-01,51.9,2.14,13180.6,4.7,242.026,98.3491
2016-12-01,53.2,2.49,13225.8,4.7,242.637,99.0214
2017-01-01,54.7,2.43,13300.3,4.7,243.618,98.7611
2017-02-01,56,2.42,13367,4.6,244.006,98.3646
2017-03-01,57.7,2.48,13428.4,4.4,243.892,99.0137
2017-04-01,57.2,2.3,13484.4,4.4,244.193,100.0224
2017-05-01,54.8,2.3,13536.4,4.4,244.004,100.1408
2017-06-01,54.9,2.19,13558.1,4.3,244.163,100.3471
2017-07-01,57.8,2.32,13615.1,4.3,244.243,100.1068
2017-08-01,56.3,2.21,13674.3,4.4,245.183,99.6925
2017-09-01,58.8,2.2,13722.7,4.3,246.435,99.7954
2017-10-01,60.8,2.36,13782,4.2,246.626,101.0247
2017-11-01,58.7,2.35,13814.6,4.2,247.284,101.2664
2017-12-01,58.2,2.4,13873.5,4.1,247.805,101.4644
2018-01-01,59.7,2.58,13882.9,4,248.859,101.4625
2018-02-01,59.1,2.86,13919,4.1,249.529,101.7085
2018-03-01,60.8,2.84,13975.8,4,249.577,102.2067
2018-04-01,59.3,2.87,13993.7,4,250.227,103.3329
2018-05-01,57.3,2.98,14049.4,3.8,250.792,102.4024
2018-06-01,58.7,2.91,14109.7,4,251.018,103.198
2018-07-01,60.2,2.89,14143.9,3.8,251.214,103.3646
2018-08-01,58.1,2.89,14193.6,3.8,251.663,104.0327
2018-09-01,61.3,3,14229.1,3.7,252.182,104.1004
2018-10-01,59.8,3.15,14241.1,3.8,252.772,103.9856
2018-11-01,57.7,3.12,14260.5,3.8,252.594,104.0681
2018-12-01,59.3,2.83,14382.3,3.9,252.767,104.0936
2019-01-01,54.1,2.71,14445.7,4,252.561,103.4021
2019-02-01,56.6,2.68,14480.8,3.8,253.319,102.8371
2019-03-01,54.2,2.57,14525.9,3.8,254.277,102.8757
2019-04-01,55.3,2.53,14554.2,3.7,255.233,102.274
2019-05-01,52.8,2.4,14652,3.6,255.296,102.392
2019-06-01,52.1,2.07,14771,3.6,255.213,102.4375
2019-07-01,51.7,2.06,14853.1,3.7,255.802,101.9408
2019-08-01,51.2,1.63,14934.3,3.6,256.036,102.639
2019-09-01,49.1,1.7,15031,3.5,256.43,102.2917
2019-10-01,47.8,1.71,15166.9,3.6,257.155,101.4281
2019-11-01,48.3,1.81,15276.4,3.6,257.879,101.9372
2019-12-01,48.1,1.86,15347.6,3.6,258.63,101.7003
2020-01-01,47.2,1.76,15416.3,3.6,259.127,101.0338
2020-02-01,50.9,1.5,15466.6,3.5,259.25,101.3735
2020-03-01,50.1,0.87,15993.4,4.4,258.076,97.4078
2020-04-01,49.1,0.66,17005.4,14.8,256.032,84.5619
2020-05-01,41.5,0.67,17852.9,13.2,255.802,85.9604
2020-06-01,43.1,0.73,18140.6,11,257.042,91.5934
2020-07-01,52.6,0.62,18297.7,10.2,258.352,95.0256
2020-08-01,54.2,0.65,18364.1,8.4,259.316,95.9549
2020-09-01,56,0.68,18596.4,7.8,259.997,95.9669
2020-10-01,55.4,0.79,18751.1,6.9,260.319,96.7394
2020-11-01,59.3,0.87,18978.9,6.7,260.911,97.0816
2020-12-01,57.5,0.93,19133,6.7,262.045,98.363
2021-01-01,60.7,1.08,19359.5,6.4,262.639,98.8822
2021-02-01,58.7,1.26,19596.5,6.2,263.573,95.6149
2021-03-01,60.8,1.61,19823.2,6.1,264.847,98.3856
2021-04-01,64.7,1.64,20161.5,6.1,266.625,98.5587
2021-05-01,60.7,1.62,20430.5,5.8,268.404,99.4333
2021-06-01,61.2,1.52,20472.9,5.9,270.71,99.7987
2021-07-01,60.6,1.32,20628.1,5.4,271.965,100.2519
2021-08-01,59.5,1.28,20811,5.1,272.752,100.0437
2021-09-01,59.9,1.37,20979.1,4.7,273.942,98.8579
2021-10-01,61.1,1.58,21142.1,4.5,276.528,100.1861
2021-11-01,60.8,1.56,21316.7,4.2,278.824,100.8654
2021-12-01,61.1,1.47,21471,3.9,280.806,100.5726
2022-01-01,58.7,1.76,21587.3,4,282.542,100.1856
2022-02-01,57.6,1.93,21684.8,3.8,284.525,100.8064
2022-03-01,58.6,2.13,21721.3,3.7,287.467,101.3907
2022-04-01,57.1,2.75,21750,3.7,288.582,101.44
2022-05-01,55.4,2.9,21690.7,3.6,291.299,101.3335
2022-06-01,56.1,3.14,21642.9,3.6,295.072,101.018
2022-07-01,53,2.9,21641.6,3.5,294.94,101.223
2022-08-01,52.8,2.9,21606.7,3.6,295.162,101.0963
2022-09-01,52.8,3.52,21521,3.5,296.421,101.2918
2022-10-01,50.9,3.98,21424.4,3.6,297.979,101.2529
2022-11-01,50.2,3.89,21358.1,3.6,298.708,100.9552
2022-12-01,49,3.62,21219,3.5,298.808,99.7664
2023-01-01,48.4,3.53,21205.3,3.5,300.456,100.505
2023-02-01,47.4,3.75,21184.5,3.6,301.476,100.6416
2023-03-01,47.7,3.66,20876,3.5,301.643,101.0205
2023-04-01,46.3,3.46,20729.8,3.4,302.858,101.253
2023-05-01,47.1,3.57,20801.1,3.6,303.316,100.9286
2023-06-01,46.9,3.75,20782.7,3.6,304.099,100.1196
2023-07-01,46,3.9,20772,3.5,304.615,100.9067
2023-08-01,46.4,4.17,20746.9,3.7,306.138,100.8393
2023-09-01,47.6,4.38,20720.4,3.8,307.374,101.0211
2023-10-01,49,4.8,20687.3,3.9,307.653,100.4689
2023-11-01,46.7,4.5,20696.7,3.7,308.087,100.8639
2023-12-01,46.7,4.02,20701.3,3.8,308.735,100.6031
2024-01-01,47.4,4.06,20773.1,3.7,309.794,99.2223
2024-02-01,49.1,4.21,20861.1,3.9,311.022,100.285
2024-03-01,47.8,4.21,20900.9,3.9,312.107,100.4575
2024-04-01,50.3,4.54,20928.9,3.9,313.016,100.2434
2024-05-01,49.2,4.48,20989.4,4,313.14,100.863
2024-06-01,48.7,4.31,21053,4.1,313.131,100.894
2024-07-01,48.5,4.25,21084.2,4.2,313.566,99.9757
2024-08-01,46.8,3.87,21171,4.2,314.131,100.4309
2024-09-01,47.2,3.72,21257.5,4.1,314.851,99.8084
2024-10-01,47.2,4.1,21308.1,4.1,315.564,99.4695
2024-11-01,46.5,4.36,21407.9,4.2,316.449,99.2925
2024-12-01,48.4,4.39,21424.5,4.1,317.603,100.3273
2025-01-01,49.3,4.63,21492.4,4,319.086,100.0647
2025-02-01,50.9,4.45,21564.6,4.1,319.775,101.0993
2025-03-01,50.3,4.28,21636.7,4.2,319.615,101.0404
2025-04-01,49,4.28,21770.5,4.2,320.321,101.2408
2025-05-01,48.7,4.42,21827.4,4.2,320.58,101.1357
2025-06-01,48.5,4.38,21942.4,4.1,321.5,101.565
2025-07-01,49,4.39,22028.8,4.2,322.132,101.3472
2025-08-01,48,4.26,22108.4,4.3,323.364,101.2704
2025-09-01,48.7,4.12,22212.5,4.4,324.368,
2025-10-01,49.1,4.06,22298.1,,,
,,,,,,
